INSERT INTO `si` (`Sno`, `Ino`, `Jyear`) VALUES
('13030188013', 1, 2013),
('13030188013', 2, 2015),
('13030188016', 2, 2013);

INSERT INTO `institute` (`Ino`, `Iname`, `Iyear`, `Iaddr`) VALUES
(1, '西电微软学生俱乐部', 2007, '1号楼1区323'),
(2, '西电开源社区', 2008, 'E楼');

INSERT INTO `department` (`Dno`, `Dname`, `Daddr`, `Dstu`, `Ddorm`) VALUES
(1, '通信工程学院', '行政楼', 1, '8号楼'),
(2, '电子工程学院', '行政楼', 1, '9号楼'),
(3, '计算机学院', '行政楼', 61, '10号楼');

INSERT INTO `class` (`Cno`, `Cmajor`, `Cyear`, `Cdept`, `Cstu`) VALUES
('1301018', '通信工程', 2013, 1, 1),
('1302018', '电子信息工程', 2013, 2, 1),
('1303028', '网络工程', 2013, 3, 28),
('1303038', '计算机科学与技术', 2013, 3, 30),
('1303041', '物联网工程', 2013, 3, 3);

INSERT INTO `student` (`Sno`, `Sname`, `Sage`, `Sclass`) VALUES
('13010188001', '通院一姐', 21, '1301018'),
('13020188001', '电院一哥', 21, '1302018'),
('13030188001', '穆丹', 21, '1303038'),
('13030188002', '马露露', 21, '1303038'),
('13030188003', '胡昕怡', 21, '1303038'),
('13030188004', '张静', 21, '1303038'),
('13030188005', '李菁菁', 21, '1303038'),
('13030188006', '姜喆', 21, '1303038'),
('13030188007', '崔羽宁', 21, '1303038'),
('13030188008', '高嘉欣', 21, '1303038'),
('13030188009', '连政', 21, '1303038'),
('13030188010', '孙俊凯', 21, '1303038'),
('13030188011', '金鑫', 21, '1303038'),
('13030188012', '刘汇川', 21, '1303038'),
('13030188013', '阮思捷', 21, '1303038'),
('13030188014', '周鹏飞', 21, '1303038'),
('13030188015', '蒋文明', 21, '1303038'),
('13030188016', '李格非', 21, '1303038'),
('13030188017', '李胜东', 21, '1303038'),
('13030188018', '苏奇', 21, '1303038'),
('13030188019', '黄坤', 21, '1303038'),
('13030188020', '关振江', 21, '1303038'),
('13030188021', '陈烨', 21, '1303038'),
('13030188022', '胡杰', 21, '1303038'),
('13030188023', '叶辉', 21, '1303038'),
('13030188024', '云谦', 21, '1303038'),
('13030188025', '黄磊', 21, '1303038'),
('13030188026', '王超', 21, '1303038'),
('13030188027', '刘铭仁', 21, '1303038'),
('13030188028', '吴汉', 21, '1303038'),
('13030188029', '李俊杰', 21, '1303038'),
('13030188030', '陈仕晅', 21, '1303038'),
('13030288001', '陈诗语', 21, '1303028'),
('13030288002', '李欢', 21, '1303028'),
('13030288003', '刘爽', 21, '1303028'),
('13030288004', '张晓璐', 21, '1303028'),
('13030288005', '栗殷', 21, '1303028'),
('13030288006', '董雪', 21, '1303028'),
('13030288007', '王夏丽', 21, '1303028'),
('13030288008', '俞家琪', 21, '1303028'),
('13030288009', '樊懿', 21, '1303028'),
('13030288010', '葛浩然', 21, '1303028'),
('13030288011', '梁子亿', 21, '1303028'),
('13030288012', '邱军', 21, '1303028'),
('13030288013', '樊宇航', 21, '1303028'),
('13030288014', '宋慧鹏', 21, '1303028'),
('13030288015', '魏子昂', 21, '1303028'),
('13030288016', '郭尚朋', 21, '1303028'),
('13030288017', '王振宇', 21, '1303028'),
('13030288018', '高铖涛', 21, '1303028'),
('13030288019', '侯鑫睿', 21, '1303028'),
('13030288020', '胡明波', 21, '1303028'),
('13030288021', '张镇', 21, '1303028'),
('13030288022', '刘洋', 21, '1303028'),
('13030288023', '牛雅祺', 21, '1303028'),
('13030288024', '杨大为', 21, '1303028'),
('13030288025', '马韬', 21, '1303028'),
('13030288026', '杨光', 21, '1303028'),
('13030288027', '朱鑫', 21, '1303028'),
('13030288028', '刘凯', 21, '1303028'),
('13030410012', '马圳江', 22, '1303041'),
('13030410013', '穆朋飞', 21, '1303041'),
('13030410017', '尹倓', 21, '1303041');
